timestamp,open,high,low,close,volume
2017-01-02 09:15:00+05:30,269.8,270,268,268.05,12736
2017-01-02 09:16:00+05:30,268.05,268.45,267.4,267.45,13620
2017-01-02 09:17:00+05:30,267.6,267.75,267.3,267.5,13014
2017-01-02 09:18:00+05:30,267.45,267.65,267,267.65,11664
2017-01-02 09:19:00+05:30,267.65,268.2,267.5,268.15,6790
2017-01-02 09:20:00+05:30,268.15,268.25,267.75,268.15,4620
2017-01-02 09:21:00+05:30,268.15,268.95,268.05,268.8,6532
2017-01-02 09:22:00+05:30,268.8,268.9,268.2,268.65,6830
2017-01-02 09:23:00+05:30,268.75,268.85,268.55,268.65,2951
2017-01-02 09:24:00+05:30,268.65,269.4,268.6,269.4,9672
2017-01-02 09:25:00+05:30,269.15,269.9,269.15,269.4,17496
2017-01-02 09:26:00+05:30,269.4,269.65,269.05,269.3,3908
2017-01-02 09:27:00+05:30,269.3,269.45,268.95,269.1,5983
2017-01-02 09:28:00+05:30,269.05,269.1,268.75,268.85,2160
2017-01-02 09:29:00+05:30,268.85,268.85,268.5,268.5,2768
2017-01-02 09:30:00+05:30,268.5,268.5,267.8,267.95,8946
2017-01-02 09:31:00+05:30,268,268,267.2,267.2,15995
2017-01-02 09:32:00+05:30,267.3,267.9,267.3,267.7,35320
2017-01-02 09:33:00+05:30,267.7,267.75,267.65,267.7,15975
2017-01-02 09:34:00+05:30,267.75,267.75,267.7,267.75,13965
2017-01-02 09:35:00+05:30,267.7,267.7,267.4,267.55,12182
2017-01-02 09:36:00+05:30,267.55,267.75,267.4,267.6,3241
2017-01-02 09:37:00+05:30,267.6,267.7,267.5,267.6,967
2017-01-02 09:38:00+05:30,267.6,267.7,267.6,267.65,4282
2017-01-02 09:39:00+05:30,267.65,267.75,267.6,267.75,4025
2017-01-02 09:40:00+05:30,267.75,267.75,267.35,267.35,14721
2017-01-02 09:41:00+05:30,267.35,267.6,267.35,267.6,8630
2017-01-02 09:42:00+05:30,267.6,267.75,267.55,267.7,4162
2017-01-02 09:43:00+05:30,267.7,267.7,267.65,267.65,1135
2017-01-02 09:44:00+05:30,267.65,267.75,267.45,267.45,17870
2017-01-02 09:45:00+05:30,267.4,267.5,267.4,267.5,2339
2017-01-02 09:46:00+05:30,267.5,267.5,267.4,267.45,7401
2017-01-02 09:47:00+05:30,267.45,267.5,267.25,267.25,15271
2017-01-02 09:48:00+05:30,267.25,267.35,267.15,267.35,1108
2017-01-02 09:49:00+05:30,267.5,267.5,267.3,267.3,619
2017-01-02 09:50:00+05:30,267.3,267.45,267.3,267.45,1185
2017-01-02 09:51:00+05:30,267.45,267.45,267.35,267.4,557
2017-01-02 09:52:00+05:30,267.4,267.5,267.4,267.5,4981
2017-01-02 09:53:00+05:30,267.5,267.5,267.3,267.35,432
2017-01-02 09:54:00+05:30,267.35,267.5,267.35,267.5,2338
2017-01-02 09:55:00+05:30,267.5,267.5,267.45,267.45,1695
2017-01-02 09:56:00+05:30,267.5,267.5,267.45,267.5,4640
2017-01-02 09:57:00+05:30,267.5,267.5,267.45,267.5,1906
2017-01-02 09:58:00+05:30,267.5,267.7,267.45,267.65,3359
2017-01-02 09:59:00+05:30,267.65,267.75,267.5,267.7,2923
2017-01-02 10:00:00+05:30,267.7,267.75,267.65,267.65,5087
2017-01-02 10:01:00+05:30,267.65,267.75,267.5,267.65,5338
2017-01-02 10:02:00+05:30,267.65,267.75,267.5,267.5,5450
2017-01-02 10:03:00+05:30,267.5,267.5,267.45,267.5,4112
2017-01-02 10:04:00+05:30,267.5,267.5,267.45,267.5,21260
2017-01-02 10:05:00+05:30,267.5,267.7,267.5,267.7,6238
2017-01-02 10:06:00+05:30,267.7,267.7,267.5,267.5,4222
2017-01-02 10:07:00+05:30,267.5,267.5,267.45,267.5,1486
2017-01-02 10:08:00+05:30,267.5,267.6,267.5,267.6,5868
2017-01-02 10:09:00+05:30,267.6,267.6,267.5,267.5,464
2017-01-02 10:10:00+05:30,267.5,267.6,267.5,267.5,1306
2017-01-02 10:11:00+05:30,267.5,267.6,267.5,267.6,1850
2017-01-02 10:12:00+05:30,267.6,267.6,267.5,267.5,129
2017-01-02 10:13:00+05:30,267.5,267.6,267.5,267.6,3878
2017-01-02 10:14:00+05:30,267.6,267.6,267.6,267.6,583
2017-01-02 10:15:00+05:30,267.6,267.6,267.55,267.6,6752
2017-01-02 10:16:00+05:30,267.6,267.7,267.6,267.7,2664
2017-01-02 10:17:00+05:30,267.7,267.75,267.65,267.75,12496
2017-01-02 10:18:00+05:30,267.75,267.75,267.65,267.7,428
2017-01-02 10:19:00+05:30,267.65,267.7,267.65,267.7,142
2017-01-02 10:20:00+05:30,267.7,267.75,267.7,267.7,16414
2017-01-02 10:21:00+05:30,267.7,267.7,267.65,267.7,2904
2017-01-02 10:22:00+05:30,267.7,267.75,267.65,267.75,5233
2017-01-02 10:23:00+05:30,267.75,267.75,267.7,267.75,4729
2017-01-02 10:24:00+05:30,267.75,267.75,267.7,267.75,5062
2017-01-02 10:25:00+05:30,267.75,267.75,267.7,267.75,7860
2017-01-02 10:26:00+05:30,267.75,267.75,267.75,267.75,27
2017-01-02 10:27:00+05:30,267.75,267.75,267.7,267.75,7595
2017-01-02 10:28:00+05:30,267.75,267.75,267.75,267.75,12255
2017-01-02 10:29:00+05:30,267.75,267.75,267.7,267.7,4029
2017-01-02 10:30:00+05:30,267.65,267.75,267.65,267.7,1441
2017-01-02 10:31:00+05:30,267.7,267.8,267.7,267.75,755
2017-01-02 10:32:00+05:30,267.75,267.8,267.75,267.75,3409
2017-01-02 10:33:00+05:30,267.75,267.75,267.55,267.55,26822
2017-01-02 10:34:00+05:30,267.55,267.75,267.55,267.75,1000
2017-01-02 10:35:00+05:30,267.75,267.75,267.7,267.75,3000
2017-01-02 10:36:00+05:30,267.75,267.75,267.7,267.7,6302
2017-01-02 10:37:00+05:30,267.75,267.75,267.7,267.75,4605
2017-01-02 10:38:00+05:30,267.75,267.8,267.7,267.75,7635
2017-01-02 10:39:00+05:30,267.75,267.8,267.75,267.8,7717
2017-01-02 10:40:00+05:30,267.8,267.8,267.7,267.8,13766
2017-01-02 10:41:00+05:30,267.85,268,267.85,267.9,5651
2017-01-02 10:42:00+05:30,267.9,268,267.85,267.85,1950
2017-01-02 10:43:00+05:30,267.85,268,267.85,268,1365
2017-01-02 10:44:00+05:30,268,268,267.95,268,1156
2017-01-02 10:45:00+05:30,268,268,267.85,267.85,375
2017-01-02 10:46:00+05:30,267.85,267.85,267.85,267.85,753
2017-01-02 10:47:00+05:30,267.85,267.9,267.85,267.85,1143
2017-01-02 10:48:00+05:30,267.85,268,267.8,268,4334
2017-01-02 10:49:00+05:30,268,268,267.75,268,13196
2017-01-02 10:50:00+05:30,268,268,267.75,267.75,41803
2017-01-02 10:51:00+05:30,267.75,267.75,267.7,267.75,5404
2017-01-02 10:52:00+05:30,267.75,267.95,267.75,267.8,1793
2017-01-02 10:53:00+05:30,267.8,267.95,267.7,267.7,9507
2017-01-02 10:54:00+05:30,267.7,267.9,267.6,267.9,7044
2017-01-02 10:55:00+05:30,267.9,268,267.8,267.9,665
2017-01-02 10:56:00+05:30,267.9,268.1,267.9,268,6424
2017-01-02 10:57:00+05:30,268,268.25,268,268.25,3617
2017-01-02 10:58:00+05:30,268.25,268.25,268.1,268.25,6516
2017-01-02 10:59:00+05:30,268.25,268.25,268.1,268.1,11813
2017-01-02 11:00:00+05:30,268.1,268.2,268.1,268.1,5932
2017-01-02 11:01:00+05:30,268.1,268.2,268.1,268.2,4404
2017-01-02 11:02:00+05:30,268.2,268.2,268.15,268.15,851
2017-01-02 11:03:00+05:30,268.15,268.25,268.15,268.2,10373
2017-01-02 11:04:00+05:30,268.2,268.25,268.2,268.25,12022
2017-01-02 11:05:00+05:30,268.2,268.25,268.2,268.25,1385
2017-01-02 11:06:00+05:30,268.25,268.25,268.2,268.2,1256
2017-01-02 11:07:00+05:30,268.25,268.25,268.2,268.25,7283
2017-01-02 11:08:00+05:30,268.25,268.25,268.2,268.25,6181
2017-01-02 11:09:00+05:30,268.25,268.45,268.2,268.45,12862
2017-01-02 11:10:00+05:30,268.45,268.5,268.25,268.5,3369
2017-01-02 11:11:00+05:30,268.5,268.5,268.4,268.4,2696
2017-01-02 11:12:00+05:30,268.4,268.4,268.3,268.35,6902
2017-01-02 11:13:00+05:30,268.4,268.5,268.4,268.5,7601
2017-01-02 11:14:00+05:30,268.5,268.5,268.4,268.4,18656
2017-01-02 11:15:00+05:30,268.45,268.45,268.35,268.45,971
2017-01-02 11:16:00+05:30,268.45,268.45,268.35,268.4,5671
2017-01-02 11:17:00+05:30,268.4,268.4,268.35,268.4,827
2017-01-02 11:18:00+05:30,268.4,268.4,268.35,268.4,6405
2017-01-02 11:19:00+05:30,268.35,268.4,268.35,268.4,1097
2017-01-02 11:20:00+05:30,268.4,268.45,268.3,268.45,6643
2017-01-02 11:21:00+05:30,268.45,268.5,268.4,268.5,1275
2017-01-02 11:22:00+05:30,268.5,268.5,268.45,268.5,4718
2017-01-02 11:23:00+05:30,268.5,268.5,268.45,268.45,2516
2017-01-02 11:24:00+05:30,268.45,268.55,268.45,268.5,7096
2017-01-02 11:25:00+05:30,268.5,268.5,268.5,268.5,16408
2017-01-02 11:26:00+05:30,268.5,268.5,268.45,268.5,3028
2017-01-02 11:27:00+05:30,268.5,268.5,268.4,268.4,9401
2017-01-02 11:28:00+05:30,268.4,268.5,268.4,268.4,1273
2017-01-02 11:29:00+05:30,268.4,268.4,268.4,268.4,0
2017-01-02 11:30:00+05:30,268.4,268.4,268.3,268.3,10009
2017-01-02 11:31:00+05:30,268.3,268.4,268.3,268.4,95
2017-01-02 11:32:00+05:30,268.4,268.4,268.35,268.4,2901
2017-01-02 11:33:00+05:30,268.4,268.4,268.35,268.35,1400
2017-01-02 11:34:00+05:30,268.35,268.35,268.35,268.35,1136
2017-01-02 11:35:00+05:30,268.35,268.45,268.35,268.45,7841
2017-01-02 11:36:00+05:30,268.45,268.45,268.4,268.4,5086
2017-01-02 11:37:00+05:30,268.4,268.4,268.35,268.4,187
2017-01-02 11:38:00+05:30,268.4,268.4,268.4,268.4,623
2017-01-02 11:39:00+05:30,268.4,268.4,268.35,268.35,27
2017-01-02 11:40:00+05:30,268.35,268.4,268.35,268.4,2662
2017-01-02 11:41:00+05:30,268.4,268.4,268.35,268.4,3825
2017-01-02 11:42:00+05:30,268.4,268.5,268.4,268.5,1563
2017-01-02 11:43:00+05:30,268.5,268.5,268.5,268.5,3850
2017-01-02 11:44:00+05:30,268.5,268.5,268.45,268.45,1339
2017-01-02 11:45:00+05:30,268.5,268.8,268.5,268.65,8480
2017-01-02 11:46:00+05:30,268.65,268.9,268.65,268.9,3001
2017-01-02 11:47:00+05:30,269,269,268.9,269,15785
2017-01-02 11:48:00+05:30,269,269,268.9,268.9,1636
2017-01-02 11:49:00+05:30,268.9,269,268.9,269,5660
2017-01-02 11:50:00+05:30,269,269,268.75,268.75,11124
2017-01-02 11:51:00+05:30,268.75,268.75,268.7,268.75,6189
2017-01-02 11:52:00+05:30,268.75,268.75,268.7,268.75,3666
2017-01-02 11:53:00+05:30,268.75,268.75,268.7,268.7,3746
2017-01-02 11:54:00+05:30,268.7,268.75,268.65,268.75,5581
2017-01-02 11:55:00+05:30,268.75,269,268.75,268.9,9648
2017-01-02 11:56:00+05:30,268.9,268.9,268.75,268.85,1711
2017-01-02 11:57:00+05:30,268.85,268.9,268.7,268.7,11221
2017-01-02 11:58:00+05:30,268.7,268.85,268.7,268.85,2028
2017-01-02 11:59:00+05:30,268.85,268.85,268.75,268.85,201
2017-01-02 12:00:00+05:30,268.85,268.85,268.85,268.85,1294
2017-01-02 12:01:00+05:30,268.85,268.85,268.85,268.85,120
2017-01-02 12:02:00+05:30,268.85,268.85,268.8,268.8,2735
2017-01-02 12:03:00+05:30,268.8,268.85,268.8,268.8,1232
2017-01-02 12:04:00+05:30,268.8,268.85,268.8,268.85,486
2017-01-02 12:05:00+05:30,268.85,268.85,268.8,268.85,792
2017-01-02 12:06:00+05:30,268.85,268.85,268.75,268.8,1256
2017-01-02 12:07:00+05:30,268.8,268.8,268.75,268.8,202
2017-01-02 12:08:00+05:30,268.8,268.8,268.75,268.8,320
2017-01-02 12:09:00+05:30,268.8,268.8,268.75,268.8,885
2017-01-02 12:10:00+05:30,268.7,268.75,268.65,268.75,5941
2017-01-02 12:11:00+05:30,268.75,268.75,268.65,268.7,2031
2017-01-02 12:12:00+05:30,268.65,268.7,268.65,268.7,351
2017-01-02 12:13:00+05:30,268.7,268.85,268.65,268.85,1176
2017-01-02 12:14:00+05:30,268.85,268.85,268.75,268.85,217
2017-01-02 12:15:00+05:30,268.85,268.85,268.8,268.85,1549
2017-01-02 12:16:00+05:30,268.85,268.85,268.85,268.85,202
2017-01-02 12:17:00+05:30,268.85,268.85,268.8,268.85,1557
2017-01-02 12:18:00+05:30,268.85,268.95,268.85,268.95,5524
2017-01-02 12:19:00+05:30,268.95,268.95,268.85,268.9,7285
2017-01-02 12:20:00+05:30,268.9,268.9,268.85,268.9,708
2017-01-02 12:21:00+05:30,268.9,268.95,268.85,268.9,1069
2017-01-02 12:22:00+05:30,268.9,268.9,268.85,268.9,1372
2017-01-02 12:23:00+05:30,268.9,268.9,268.85,268.85,479
2017-01-02 12:24:00+05:30,268.85,268.9,268.85,268.85,1448
2017-01-02 12:25:00+05:30,268.85,268.9,268.8,268.85,2282
2017-01-02 12:26:00+05:30,268.85,268.85,268.75,268.85,1722
2017-01-02 12:27:00+05:30,268.85,268.85,268.8,268.85,139
2017-01-02 12:28:00+05:30,268.8,268.85,268.8,268.85,4709
2017-01-02 12:29:00+05:30,268.85,268.85,268.8,268.85,3711
2017-01-02 12:30:00+05:30,268.85,268.85,268.85,268.85,60
2017-01-02 12:31:00+05:30,268.85,268.9,268.8,268.9,3057
2017-01-02 12:32:00+05:30,268.9,268.9,268.8,268.9,1329
2017-01-02 12:33:00+05:30,268.9,268.9,268.8,268.8,2073
2017-01-02 12:34:00+05:30,268.9,268.9,268.85,268.85,360
2017-01-02 12:35:00+05:30,268.9,268.95,268.8,268.95,75
2017-01-02 12:36:00+05:30,268.95,268.95,268.75,268.95,635
2017-01-02 12:37:00+05:30,268.95,268.95,268.75,268.95,721
2017-01-02 12:38:00+05:30,268.95,268.95,268.95,268.95,340
2017-01-02 12:39:00+05:30,268.95,268.95,268.8,268.9,179
2017-01-02 12:40:00+05:30,268.95,269,268.95,269,14923
2017-01-02 12:41:00+05:30,269,269,268.9,269,4154
2017-01-02 12:42:00+05:30,269,269.15,268.9,269.05,51098
2017-01-02 12:43:00+05:30,269.05,269.15,269,269.15,6171
2017-01-02 12:44:00+05:30,269.15,269.15,268.85,269.1,9347
2017-01-02 12:45:00+05:30,269.1,269.2,268.95,269.1,10145
2017-01-02 12:46:00+05:30,269.1,269.1,269,269.1,1886
2017-01-02 12:47:00+05:30,269.1,269.1,269,269.1,473
2017-01-02 12:48:00+05:30,269.1,269.1,268.95,269,4429
2017-01-02 12:49:00+05:30,269,269.05,268.95,269,417
2017-01-02 12:50:00+05:30,269,269,268.95,269,182
2017-01-02 12:51:00+05:30,269,269.05,268.9,268.9,698
2017-01-02 12:52:00+05:30,269.05,269.05,268.9,269,89
2017-01-02 12:53:00+05:30,269,269,268.9,269,1665
2017-01-02 12:54:00+05:30,269,269,268.85,269,4371
2017-01-02 12:55:00+05:30,269,269,268.95,269,511
2017-01-02 12:56:00+05:30,269,269.05,268.85,269,2799
2017-01-02 12:57:00+05:30,269,269.05,268.85,269.05,3718
2017-01-02 12:58:00+05:30,269.05,269.05,269,269.05,1468
2017-01-02 12:59:00+05:30,269.05,269.05,269.05,269.05,294
2017-01-02 13:00:00+05:30,269.05,269.1,269,269.1,921
2017-01-02 13:01:00+05:30,269,269,268.95,269,6516
2017-01-02 13:02:00+05:30,269,269,268.95,269,2376
2017-01-02 13:03:00+05:30,269,269.1,269,269.1,614
2017-01-02 13:04:00+05:30,269.1,269.1,269.05,269.1,6784
2017-01-02 13:05:00+05:30,269.2,269.2,269.15,269.2,419
2017-01-02 13:06:00+05:30,269.2,269.2,269,269.2,8864
2017-01-02 13:07:00+05:30,269.2,269.25,269.15,269.25,17647
2017-01-02 13:08:00+05:30,269.25,269.25,269.2,269.25,33597
2017-01-02 13:09:00+05:30,269.25,269.25,269.2,269.25,4054
2017-01-02 13:10:00+05:30,269.25,269.3,269.1,269.2,18196
2017-01-02 13:11:00+05:30,269.2,269.2,269.15,269.2,3898
2017-01-02 13:12:00+05:30,269.2,269.3,269.2,269.3,9726
2017-01-02 13:13:00+05:30,269.3,269.4,269.3,269.4,14150
2017-01-02 13:14:00+05:30,269.4,269.5,269.4,269.5,19314
2017-01-02 13:15:00+05:30,269.5,269.75,269.5,269.75,3052
2017-01-02 13:16:00+05:30,269.75,270.1,269.75,270,23570
2017-01-02 13:17:00+05:30,270,270.2,269.85,270.1,13275
2017-01-02 13:18:00+05:30,270.1,270.1,269.95,270,7471
2017-01-02 13:19:00+05:30,270,270,269.85,270,6309
2017-01-02 13:20:00+05:30,269.95,270,269.95,270,3294
2017-01-02 13:21:00+05:30,269.95,270.6,269.95,270.5,20460
2017-01-02 13:22:00+05:30,270.5,270.85,270.5,270.6,20168
2017-01-02 13:23:00+05:30,270.85,270.9,270.6,270.7,14836
2017-01-02 13:24:00+05:30,270.6,270.9,270.6,270.75,5975
2017-01-02 13:25:00+05:30,270.75,270.9,270.3,270.6,7613
2017-01-02 13:26:00+05:30,270.6,270.7,270.4,270.55,587
2017-01-02 13:27:00+05:30,270.6,270.85,270.5,270.75,2247
2017-01-02 13:28:00+05:30,270.75,270.85,270.6,270.8,926
2017-01-02 13:29:00+05:30,270.8,270.8,270.6,270.75,498
2017-01-02 13:30:00+05:30,270.75,270.8,270.35,270.55,2751
2017-01-02 13:31:00+05:30,270.55,270.6,270.2,270.3,5437
2017-01-02 13:32:00+05:30,270.3,270.55,270.05,270.4,4866
2017-01-02 13:33:00+05:30,270.4,270.7,270.25,270.35,15916
2017-01-02 13:34:00+05:30,270.35,270.55,270.2,270.5,5101
2017-01-02 13:35:00+05:30,270.5,270.5,270.3,270.4,624
2017-01-02 13:36:00+05:30,270.35,270.5,270.25,270.5,2615
2017-01-02 13:37:00+05:30,270.5,270.5,270.35,270.45,579
2017-01-02 13:38:00+05:30,270.45,270.5,270.25,270.35,1401
2017-01-02 13:39:00+05:30,270.5,270.5,270.3,270.4,552
2017-01-02 13:40:00+05:30,270.4,270.45,270.3,270.45,1281
2017-01-02 13:41:00+05:30,270.45,270.45,270.35,270.45,2107
2017-01-02 13:42:00+05:30,270.4,270.5,270.4,270.5,2538
2017-01-02 13:43:00+05:30,270.5,270.65,270.5,270.65,1219
2017-01-02 13:44:00+05:30,270.65,270.8,270.2,270.4,5649
2017-01-02 13:45:00+05:30,270.4,270.6,270.3,270.55,2832
2017-01-02 13:46:00+05:30,270.55,270.75,270.55,270.75,1661
2017-01-02 13:47:00+05:30,270.65,270.8,270.65,270.8,917
2017-01-02 13:48:00+05:30,270.8,270.8,270.45,270.55,3426
2017-01-02 13:49:00+05:30,270.7,270.85,270.4,270.7,3780
2017-01-02 13:50:00+05:30,270.75,270.85,270.75,270.85,481
2017-01-02 13:51:00+05:30,270.9,270.9,270.3,270.45,2773
2017-01-02 13:52:00+05:30,270.7,270.7,270.3,270.35,1472
2017-01-02 13:53:00+05:30,270.35,270.55,270.3,270.3,1359
2017-01-02 13:54:00+05:30,270.4,270.4,270,270.3,3737
2017-01-02 13:55:00+05:30,270.3,270.3,270.05,270.2,437
2017-01-02 13:56:00+05:30,270.2,270.2,270.15,270.2,1447
2017-01-02 13:57:00+05:30,270.1,270.25,269.9,270,23240
2017-01-02 13:58:00+05:30,270,270,269.9,270,8557
2017-01-02 13:59:00+05:30,270,270.2,269.95,270.2,9316
2017-01-02 14:00:00+05:30,270.2,270.3,270.05,270.2,1362
2017-01-02 14:01:00+05:30,270.25,270.25,270,270.15,7399
2017-01-02 14:02:00+05:30,270.15,270.25,270.15,270.25,933
2017-01-02 14:03:00+05:30,270.25,270.25,270.05,270.25,350
2017-01-02 14:04:00+05:30,270.25,270.25,270.2,270.25,3398
2017-01-02 14:05:00+05:30,270.25,270.25,270.25,270.25,9277
2017-01-02 14:06:00+05:30,270.25,270.25,270.1,270.25,514
2017-01-02 14:07:00+05:30,270.25,270.25,270,270.25,1842
2017-01-02 14:08:00+05:30,270.25,270.25,270.1,270.25,391
2017-01-02 14:09:00+05:30,270.25,270.25,270,270.25,1422
2017-01-02 14:10:00+05:30,270.25,270.25,269.95,270,17246
2017-01-02 14:11:00+05:30,270,270,269.95,270,6560
2017-01-02 14:12:00+05:30,270,270,269.95,269.95,2239
2017-01-02 14:13:00+05:30,269.95,270.1,269.9,270.1,9341
2017-01-02 14:14:00+05:30,270.1,270.25,270.05,270.25,5892
2017-01-02 14:15:00+05:30,270.25,270.4,270.25,270.4,3978
2017-01-02 14:16:00+05:30,270.45,270.85,270.4,270.85,2064
2017-01-02 14:17:00+05:30,270.95,271.3,270.65,270.75,17531
2017-01-02 14:18:00+05:30,270.75,270.8,270.65,270.75,1904
2017-01-02 14:19:00+05:30,270.75,270.85,270.55,270.85,3048
2017-01-02 14:20:00+05:30,270.85,270.85,270.5,270.55,3496
2017-01-02 14:21:00+05:30,270.55,270.6,270.45,270.45,1688
2017-01-02 14:22:00+05:30,270.4,270.5,270.3,270.5,4439
2017-01-02 14:23:00+05:30,270.5,270.6,270.3,270.3,5499
2017-01-02 14:24:00+05:30,270.3,270.6,270.3,270.6,5649
2017-01-02 14:25:00+05:30,270.6,270.75,270.45,270.55,5710
2017-01-02 14:26:00+05:30,270.55,271,270.55,271,17424
2017-01-02 14:27:00+05:30,271,271.4,270.95,271.35,16456
2017-01-02 14:28:00+05:30,271.35,272.3,271.25,272.2,33937
2017-01-02 14:29:00+05:30,272.3,272.5,272,272,33229
2017-01-02 14:30:00+05:30,272.2,272.4,271.8,272.35,8522
2017-01-02 14:31:00+05:30,272.4,274,272.3,274,33143
2017-01-02 14:32:00+05:30,273.95,275.15,273.6,275.05,176303
2017-01-02 14:33:00+05:30,275.1,275.1,274.2,275,39782
2017-01-02 14:34:00+05:30,275,276.4,275,276.2,58014
2017-01-02 14:35:00+05:30,276.55,276.55,275.7,275.85,26643
2017-01-02 14:36:00+05:30,275.85,276,275.65,276,16969
2017-01-02 14:37:00+05:30,276.1,276.9,275.9,276.5,27692
2017-01-02 14:38:00+05:30,276.5,276.5,275.75,276,23348
2017-01-02 14:39:00+05:30,276,276,275.55,275.9,10744
2017-01-02 14:40:00+05:30,275.9,275.9,275.55,275.8,6728
2017-01-02 14:41:00+05:30,275.7,275.7,275.25,275.4,8527
2017-01-02 14:42:00+05:30,275.5,275.6,275.2,275.2,6837
2017-01-02 14:43:00+05:30,275.4,275.4,274.25,274.25,28860
2017-01-02 14:44:00+05:30,274.25,274.35,273.95,274.35,17304
2017-01-02 14:45:00+05:30,274.4,274.45,274.25,274.45,4077
2017-01-02 14:46:00+05:30,274.45,274.5,274.2,274.35,10355
2017-01-02 14:47:00+05:30,274.25,274.6,274.25,274.35,8928
2017-01-02 14:48:00+05:30,274.25,274.9,274,274.8,6408
2017-01-02 14:49:00+05:30,274.65,275.25,274.55,275.25,4360
2017-01-02 14:50:00+05:30,275.45,275.65,275.4,275.6,11918
2017-01-02 14:51:00+05:30,275.45,275.45,275.2,275.45,3857
2017-01-02 14:52:00+05:30,275.45,275.6,275.25,275.45,4846
2017-01-02 14:53:00+05:30,275.3,275.4,274.3,274.3,11190
2017-01-02 14:54:00+05:30,274.3,274.85,274.3,274.55,3178
2017-01-02 14:55:00+05:30,274.55,274.8,274.55,274.75,1568
2017-01-02 14:56:00+05:30,274.75,274.75,274.35,274.55,6026
2017-01-02 14:57:00+05:30,274.35,274.55,274.3,274.4,895
2017-01-02 14:58:00+05:30,274.3,274.6,274.3,274.6,1604
2017-01-02 14:59:00+05:30,274.55,275.3,274.55,275.3,3613
2017-01-02 15:00:00+05:30,275.3,275.6,275.3,275.35,2833
2017-01-02 15:01:00+05:30,275.1,275.25,274.8,275,2800
2017-01-02 15:02:00+05:30,275,275.15,274.7,274.95,13145
2017-01-02 15:03:00+05:30,274.9,275,274.7,274.95,8349
2017-01-02 15:04:00+05:30,274.8,275,274.75,275,10806
2017-01-02 15:05:00+05:30,275,275,274.85,274.9,4823
2017-01-02 15:06:00+05:30,274.9,275,274.7,274.85,7407
2017-01-02 15:07:00+05:30,275,275,274.7,274.95,2010
2017-01-02 15:08:00+05:30,274.95,275,274.75,274.9,2518
2017-01-02 15:09:00+05:30,274.8,274.85,274.7,274.7,2960
2017-01-02 15:10:00+05:30,274.7,274.85,274.45,274.55,16101
2017-01-02 15:11:00+05:30,274.55,274.6,274,274,5963
2017-01-02 15:12:00+05:30,274.05,274.05,273.05,273.25,20442
2017-01-02 15:13:00+05:30,273.25,273.25,272.65,272.85,10387
2017-01-02 15:14:00+05:30,272.85,273.15,272.85,273.05,12321
2017-01-02 15:15:00+05:30,273.15,273.2,272.8,272.95,8182
2017-01-02 15:16:00+05:30,272.95,272.95,272.7,272.9,6228
2017-01-02 15:17:00+05:30,272.9,273.5,272.6,273.3,12038
2017-01-02 15:18:00+05:30,273.25,273.3,273,273,10267
2017-01-02 15:19:00+05:30,273,273.25,272.9,273.05,5866
2017-01-02 15:20:00+05:30,273.15,273.2,272.95,273.2,9603
2017-01-02 15:21:00+05:30,273.2,273.45,273.1,273.4,4051
2017-01-02 15:22:00+05:30,273.2,273.45,273.2,273.3,7561
2017-01-02 15:23:00+05:30,273.3,273.35,273.15,273.25,2588
2017-01-02 15:24:00+05:30,273.25,273.25,273.1,273.2,6066
2017-01-02 15:25:00+05:30,273.2,273.8,273.15,273.8,19761
2017-01-02 15:26:00+05:30,273.8,274.35,273.7,274.3,11008
2017-01-02 15:27:00+05:30,274.3,274.4,273.95,274.2,14469
2017-01-02 15:28:00+05:30,273.9,274.1,273.5,273.75,5588
2017-01-02 15:29:00+05:30,273.9,274,273.5,273.5,9857
2017-01-03 09:15:00+05:30,275.2,275.2,272.5,272.85,17639
2017-01-03 09:16:00+05:30,272.75,273.35,272.75,273.25,3451
2017-01-03 09:17:00+05:30,273.25,273.25,272.8,273,5817
2017-01-03 09:18:00+05:30,273,273.35,272.95,273.2,8243
2017-01-03 09:19:00+05:30,273.2,273.2,272.9,272.95,5244
2017-01-03 09:20:00+05:30,272.95,273,272.65,272.65,5150
2017-01-03 09:21:00+05:30,272.65,273.25,272.6,273.1,9878
2017-01-03 09:22:00+05:30,273.05,273.5,273.05,273.25,5582
2017-01-03 09:23:00+05:30,273.45,273.45,273.15,273.35,4627
2017-01-03 09:24:00+05:30,273.45,273.6,272.9,272.9,2584
2017-01-03 09:25:00+05:30,273,273.35,272.95,273.3,2485
2017-01-03 09:26:00+05:30,273.1,273.4,273.05,273.4,8575
2017-01-03 09:27:00+05:30,273.25,273.95,273.25,273.9,10956
2017-01-03 09:28:00+05:30,273.95,274.9,273.95,274.9,9578
2017-01-03 09:29:00+05:30,274.9,277.45,274.8,276.2,108362
2017-01-03 09:30:00+05:30,276.5,276.5,275.7,275.9,21065
2017-01-03 09:31:00+05:30,275.9,275.9,275.3,275.3,9435
2017-01-03 09:32:00+05:30,275.3,275.5,274.8,275.25,11117
2017-01-03 09:33:00+05:30,275.25,275.25,274.8,275,2887
2017-01-03 09:34:00+05:30,275,275.05,274.65,275,4992
2017-01-03 09:35:00+05:30,275,275.35,274.95,275.3,7117
2017-01-03 09:36:00+05:30,275.3,275.4,275.15,275.25,5369
2017-01-03 09:37:00+05:30,275.25,275.25,275,275,20143
2017-01-03 09:38:00+05:30,275,275.2,275,275.15,4238
2017-01-03 09:39:00+05:30,275.15,275.2,275.1,275.2,2417
2017-01-03 09:40:00+05:30,275.2,275.2,275.1,275.15,12902
2017-01-03 09:41:00+05:30,275.1,275.2,275.05,275.1,4414
2017-01-03 09:42:00+05:30,275.1,275.2,275,275,11882
2017-01-03 09:43:00+05:30,275.2,275.2,275,275.05,3519
2017-01-03 09:44:00+05:30,275.1,275.2,275.05,275.05,2227
2017-01-03 09:45:00+05:30,275.05,275.15,274.95,274.95,9228
2017-01-03 09:46:00+05:30,275,275.2,274.95,274.95,6486
2017-01-03 09:47:00+05:30,274.95,274.95,274.75,274.9,2587
2017-01-03 09:48:00+05:30,274.9,274.9,274.75,274.9,1702
2017-01-03 09:49:00+05:30,274.75,275.2,274.75,275.1,11987
2017-01-03 09:50:00+05:30,275.1,275.2,275,275.2,6193
2017-01-03 09:51:00+05:30,275.15,275.3,275.1,275.15,1371
2017-01-03 09:52:00+05:30,275.15,275.4,275.15,275.4,13778
2017-01-03 09:53:00+05:30,275.4,275.5,275.35,275.4,18560
2017-01-03 09:54:00+05:30,275.4,275.55,275.4,275.55,7412
2017-01-03 09:55:00+05:30,275.55,275.6,275.5,275.5,3434
2017-01-03 09:56:00+05:30,275.5,275.6,275.3,275.3,14769
2017-01-03 09:57:00+05:30,275.3,275.45,275.1,275.1,5222
2017-01-03 09:58:00+05:30,275.1,275.15,275.1,275.1,495
2017-01-03 09:59:00+05:30,275.1,275.4,275.1,275.4,2894
2017-01-03 10:00:00+05:30,275.4,275.7,275.4,275.55,4659
2017-01-03 10:01:00+05:30,275.55,275.7,275.5,275.6,1749
2017-01-03 10:02:00+05:30,275.6,275.65,275.5,275.5,3110
2017-01-03 10:03:00+05:30,275.5,275.55,275.5,275.55,1169
2017-01-03 10:04:00+05:30,275.55,275.6,275.35,275.4,10786
2017-01-03 10:05:00+05:30,275.4,275.55,275.4,275.5,1044
2017-01-03 10:06:00+05:30,275.5,275.55,275.5,275.5,3065
2017-01-03 10:07:00+05:30,275.5,275.55,275.5,275.5,1708
2017-01-03 10:08:00+05:30,275.5,275.5,275.35,275.35,10600
2017-01-03 10:09:00+05:30,275.55,275.55,275.25,275.25,17305
2017-01-03 10:10:00+05:30,275.25,275.45,275.2,275.35,4992
2017-01-03 10:11:00+05:30,275.35,275.35,275.25,275.25,4629
2017-01-03 10:12:00+05:30,275.25,275.3,275.2,275.3,7402
2017-01-03 10:13:00+05:30,275.3,275.35,275.3,275.3,566
2017-01-03 10:14:00+05:30,275.3,275.4,275.3,275.35,2996
2017-01-03 10:15:00+05:30,275.35,275.4,275.35,275.35,8340
2017-01-03 10:16:00+05:30,275.35,275.4,275.3,275.35,734
2017-01-03 10:17:00+05:30,275.4,275.4,275.3,275.3,957
2017-01-03 10:18:00+05:30,275.3,275.35,275.25,275.35,4041
2017-01-03 10:19:00+05:30,275.35,275.35,275.25,275.25,1284
2017-01-03 10:20:00+05:30,275.25,275.35,275.2,275.2,1806
2017-01-03 10:21:00+05:30,275.1,275.2,275.05,275.15,8774
2017-01-03 10:22:00+05:30,275.15,275.25,275.15,275.15,3639
2017-01-03 10:23:00+05:30,275.15,275.35,275.15,275.15,4150
2017-01-03 10:24:00+05:30,275.15,275.25,275.05,275.05,4826
2017-01-03 10:25:00+05:30,275.05,275.25,274.9,274.95,29114
2017-01-03 10:26:00+05:30,274.95,275,274.9,275,3377
2017-01-03 10:27:00+05:30,275,275,274.9,275,3735
2017-01-03 10:28:00+05:30,275,275,274.9,274.9,5405
2017-01-03 10:29:00+05:30,274.9,274.95,274.85,274.85,1107
2017-01-03 10:30:00+05:30,275,275.25,274.85,275.1,8101
2017-01-03 10:31:00+05:30,275.1,275.15,275.1,275.1,575
2017-01-03 10:32:00+05:30,275.1,275.1,275.1,275.1,1562
2017-01-03 10:33:00+05:30,275.1,275.25,275.05,275.2,7676
2017-01-03 10:34:00+05:30,275.2,275.25,275.2,275.25,16561
2017-01-03 10:35:00+05:30,275.25,275.5,275.2,275.45,29173
2017-01-03 10:36:00+05:30,275.45,275.5,275.35,275.5,6243
2017-01-03 10:37:00+05:30,275.5,275.5,275.35,275.4,2151
2017-01-03 10:38:00+05:30,275.4,275.5,275.4,275.4,3697
2017-01-03 10:39:00+05:30,275.4,275.45,275.4,275.45,439
2017-01-03 10:40:00+05:30,275.45,275.5,275.45,275.5,5685
2017-01-03 10:41:00+05:30,275.5,275.5,275.45,275.5,3920
2017-01-03 10:42:00+05:30,275.45,275.45,275.45,275.45,1552
2017-01-03 10:43:00+05:30,275.45,275.5,275.4,275.5,3058
2017-01-03 10:44:00+05:30,275.5,275.5,275.4,275.5,14687
2017-01-03 10:45:00+05:30,275.5,275.55,275.45,275.55,671
2017-01-03 10:46:00+05:30,275.55,275.55,275.5,275.55,478
2017-01-03 10:47:00+05:30,275.6,275.6,275.55,275.6,3580
2017-01-03 10:48:00+05:30,275.6,275.6,275.5,275.5,2544
2017-01-03 10:49:00+05:30,275.45,275.5,275.45,275.45,4309
2017-01-03 10:50:00+05:30,275.45,275.55,275.45,275.55,2856
2017-01-03 10:51:00+05:30,275.55,275.55,275.45,275.55,664
2017-01-03 10:52:00+05:30,275.55,275.55,275.45,275.55,621
2017-01-03 10:53:00+05:30,275.6,275.6,275.55,275.6,642
2017-01-03 10:54:00+05:30,275.6,275.6,275.5,275.6,365
2017-01-03 10:55:00+05:30,275.6,275.6,275.5,275.55,1618
2017-01-03 10:56:00+05:30,275.55,275.6,275.5,275.5,1096
2017-01-03 10:57:00+05:30,275.5,275.6,275.5,275.5,1170
2017-01-03 10:58:00+05:30,275.5,275.6,275.5,275.6,119
2017-01-03 10:59:00+05:30,275.6,275.6,275.6,275.6,0
2017-01-03 11:00:00+05:30,275.6,275.6,275.5,275.5,1060
2017-01-03 11:01:00+05:30,275.5,275.55,275.5,275.55,829
2017-01-03 11:02:00+05:30,275.55,275.6,275.55,275.6,1308
2017-01-03 11:03:00+05:30,275.6,275.6,275.55,275.6,675
2017-01-03 11:04:00+05:30,275.6,275.6,275.55,275.55,1038
2017-01-03 11:05:00+05:30,275.55,275.75,275.55,275.7,11811
2017-01-03 11:06:00+05:30,275.7,275.75,275.7,275.75,943
2017-01-03 11:07:00+05:30,275.75,275.75,275.65,275.75,1857
2017-01-03 11:08:00+05:30,275.75,275.75,275.7,275.7,2955
2017-01-03 11:09:00+05:30,275.7,275.75,275.7,275.75,3282
2017-01-03 11:10:00+05:30,275.75,275.75,275.65,275.75,1209
2017-01-03 11:11:00+05:30,275.75,275.75,275.65,275.75,3412
2017-01-03 11:12:00+05:30,275.75,275.75,275.65,275.75,4091
2017-01-03 11:13:00+05:30,275.7,275.75,275.65,275.75,537
2017-01-03 11:14:00+05:30,275.75,275.75,275.7,275.75,16940
2017-01-03 11:15:00+05:30,275.75,275.75,275.65,275.7,1242
2017-01-03 11:16:00+05:30,275.7,275.7,275.65,275.7,1357
2017-01-03 11:17:00+05:30,275.7,275.7,275.6,275.6,854
2017-01-03 11:18:00+05:30,275.6,275.6,275.5,275.5,904
2017-01-03 11:19:00+05:30,275.5,275.55,275.45,275.45,1937
2017-01-03 11:20:00+05:30,275.5,275.5,275.45,275.5,9823
2017-01-03 11:21:00+05:30,275.5,275.5,275.45,275.5,2409
2017-01-03 11:22:00+05:30,275.5,275.5,275.45,275.5,2698
2017-01-03 11:23:00+05:30,275.5,275.5,275.45,275.5,1830
2017-01-03 11:24:00+05:30,275.5,275.5,275.45,275.5,1932
2017-01-03 11:25:00+05:30,275.5,275.5,275.4,275.45,5463
2017-01-03 11:26:00+05:30,275.45,275.5,275.45,275.5,13915
2017-01-03 11:27:00+05:30,275.45,275.65,275.45,275.6,2999
2017-01-03 11:28:00+05:30,275.6,275.75,275.5,275.6,1095
2017-01-03 11:29:00+05:30,275.6,275.95,275.5,275.95,4624
2017-01-03 11:30:00+05:30,275.95,276,275.85,275.95,4140
2017-01-03 11:31:00+05:30,275.95,276,275.6,275.75,6577
2017-01-03 11:32:00+05:30,275.55,275.8,275.5,275.8,846
2017-01-03 11:33:00+05:30,275.8,275.8,275.75,275.75,293
2017-01-03 11:34:00+05:30,275.75,275.75,275.55,275.55,492
2017-01-03 11:35:00+05:30,275.55,275.55,275.5,275.5,3538
2017-01-03 11:36:00+05:30,275.5,275.65,275.45,275.45,1203
2017-01-03 11:37:00+05:30,275.45,275.7,275.45,275.7,252
2017-01-03 11:38:00+05:30,275.7,275.7,275.6,275.65,396
2017-01-03 11:39:00+05:30,275.65,275.75,275.65,275.75,286
2017-01-03 11:40:00+05:30,275.75,275.75,275.7,275.75,437
2017-01-03 11:41:00+05:30,275.75,275.75,275.5,275.75,2249
2017-01-03 11:42:00+05:30,275.75,275.75,275.6,275.6,481
2017-01-03 11:43:00+05:30,275.6,275.7,275.5,275.7,748
2017-01-03 11:44:00+05:30,275.7,275.7,275.7,275.7,301
2017-01-03 11:45:00+05:30,275.65,275.65,275.35,275.55,12930
2017-01-03 11:46:00+05:30,275.55,275.55,275.5,275.5,2634
2017-01-03 11:47:00+05:30,275.55,275.6,275.5,275.6,4661
2017-01-03 11:48:00+05:30,275.6,275.6,275.45,275.55,855
2017-01-03 11:49:00+05:30,275.55,275.6,275.45,275.45,4842
2017-01-03 11:50:00+05:30,275.45,275.55,275.45,275.5,1102
2017-01-03 11:51:00+05:30,275.5,275.55,275.5,275.55,153
2017-01-03 11:52:00+05:30,275.55,275.6,275.55,275.6,883
2017-01-03 11:53:00+05:30,275.6,275.75,275.6,275.75,546
2017-01-03 11:54:00+05:30,275.75,275.75,275.5,275.6,654
2017-01-03 11:55:00+05:30,275.6,275.7,275.5,275.5,1411
2017-01-03 11:56:00+05:30,275.5,275.5,275.5,275.5,209
2017-01-03 11:57:00+05:30,275.5,275.7,275.5,275.7,2738
2017-01-03 11:58:00+05:30,275.7,276,275.7,276,5932
2017-01-03 11:59:00+05:30,275.9,276,275.9,276,10280
2017-01-03 12:00:00+05:30,276,276,275.95,275.95,16964
2017-01-03 12:01:00+05:30,275.95,276,275.9,276,2468
2017-01-03 12:02:00+05:30,276,276,275.95,276,7324
2017-01-03 12:03:00+05:30,276,276,275.9,276,1291
2017-01-03 12:04:00+05:30,276,276,275.9,275.95,2924
2017-01-03 12:05:00+05:30,275.9,276.15,275.9,276.15,5628
2017-01-03 12:06:00+05:30,276.15,276.15,276.05,276.1,1050
2017-01-03 12:07:00+05:30,276.1,276.15,276,276,4133
2017-01-03 12:08:00+05:30,276,276.1,275.95,275.95,677
2017-01-03 12:09:00+05:30,275.95,275.95,275.8,275.8,14097
2017-01-03 12:10:00+05:30,275.8,275.9,275.75,275.85,2801
2017-01-03 12:11:00+05:30,275.85,275.9,275.8,275.8,3776
2017-01-03 12:12:00+05:30,275.8,275.85,275.8,275.85,130
2017-01-03 12:13:00+05:30,275.9,275.9,275.85,275.9,985
2017-01-03 12:14:00+05:30,275.9,276,275.9,276,4340
2017-01-03 12:15:00+05:30,276,276,276,276,600
2017-01-03 12:16:00+05:30,276,276,275.85,275.9,597
2017-01-03 12:17:00+05:30,275.9,275.95,275.9,275.95,3994
2017-01-03 12:18:00+05:30,275.95,275.95,275.85,275.85,1905
2017-01-03 12:19:00+05:30,275.85,275.95,275.85,275.95,3355
2017-01-03 12:20:00+05:30,276,276,275.75,275.8,31499
2017-01-03 12:21:00+05:30,275.8,276,275.75,276,11356
2017-01-03 12:22:00+05:30,276,276,275.85,276,15670
2017-01-03 12:23:00+05:30,276,276.05,276,276,1013
2017-01-03 12:24:00+05:30,276,276.05,275.9,276,3128
2017-01-03 12:25:00+05:30,276,276.15,275.9,276.05,1394
2017-01-03 12:26:00+05:30,276.05,276.15,276,276.1,640
2017-01-03 12:27:00+05:30,276.1,276.1,276.1,276.1,583
2017-01-03 12:28:00+05:30,276.1,276.15,276,276,898
2017-01-03 12:29:00+05:30,276,276.05,276,276.05,3025
2017-01-03 12:30:00+05:30,276.05,276.1,276.05,276.05,1138
2017-01-03 12:31:00+05:30,276.05,276.15,275.95,275.95,9266
2017-01-03 12:32:00+05:30,275.9,276,275.9,275.95,2398
2017-01-03 12:33:00+05:30,275.95,276,275.95,276,587
2017-01-03 12:34:00+05:30,276,276,275.95,276,3780
2017-01-03 12:35:00+05:30,276,276.05,276,276,2476
2017-01-03 12:36:00+05:30,276,276.05,275.9,275.9,4878
2017-01-03 12:37:00+05:30,275.9,275.9,275.9,275.9,555
2017-01-03 12:38:00+05:30,275.9,275.9,275.9,275.9,0
2017-01-03 12:39:00+05:30,275.9,275.9,275.85,275.85,4281
2017-01-03 12:40:00+05:30,275.85,275.85,275.85,275.85,54
2017-01-03 12:41:00+05:30,275.85,275.95,275.85,275.95,976
2017-01-03 12:42:00+05:30,275.95,275.95,275.95,275.95,0
2017-01-03 12:43:00+05:30,275.95,276,275.95,276,548
2017-01-03 12:44:00+05:30,276,276,276,276,1911
2017-01-03 12:45:00+05:30,276,276,276,276,988
2017-01-03 12:46:00+05:30,276,276,275.9,275.9,227
2017-01-03 12:47:00+05:30,275.9,276,275.9,276,568
2017-01-03 12:48:00+05:30,276,276,275.95,275.95,215
2017-01-03 12:49:00+05:30,275.95,276,275.9,275.95,231
2017-01-03 12:50:00+05:30,275.9,276,275.9,276,1507
2017-01-03 12:51:00+05:30,276,276.05,276,276,405
2017-01-03 12:52:00+05:30,276,276,275.95,275.95,5067
2017-01-03 12:53:00+05:30,276,276.05,276,276,1316
2017-01-03 12:54:00+05:30,276,276.1,276,276.05,1164
2017-01-03 12:55:00+05:30,276.05,276.05,276,276,140
2017-01-03 12:56:00+05:30,276,276.1,276,276.1,721
2017-01-03 12:57:00+05:30,276.1,276.25,276.1,276.2,20572
2017-01-03 12:58:00+05:30,276.25,276.25,276.2,276.2,2614
2017-01-03 12:59:00+05:30,276.2,276.25,276.05,276.25,172
2017-01-03 13:00:00+05:30,276.25,276.6,276.15,276.55,13815
2017-01-03 13:01:00+05:30,276.6,276.6,276,276,4113
2017-01-03 13:02:00+05:30,276,276.25,276,276.25,1976
2017-01-03 13:03:00+05:30,276.25,276.25,276,276.1,535
2017-01-03 13:04:00+05:30,276.1,276.2,275.9,275.9,10243
2017-01-03 13:05:00+05:30,275.9,276,275.9,276,579
2017-01-03 13:06:00+05:30,276,276,275.95,275.95,4275
2017-01-03 13:07:00+05:30,275.95,276,275.95,276,4101
2017-01-03 13:08:00+05:30,276,276,275.95,275.95,1827
2017-01-03 13:09:00+05:30,275.95,276,275.95,275.95,1492
2017-01-03 13:10:00+05:30,275.95,276.1,275.95,276.1,3722
2017-01-03 13:11:00+05:30,276,276.05,276,276,3605
2017-01-03 13:12:00+05:30,276,276,275.95,276,3053
2017-01-03 13:13:00+05:30,276.05,276.15,275.95,276.15,1361
2017-01-03 13:14:00+05:30,276.15,276.15,276.1,276.1,6
2017-01-03 13:15:00+05:30,276.1,276.2,275.85,276.2,13224
2017-01-03 13:16:00+05:30,276.2,276.2,275.3,275.4,27867
2017-01-03 13:17:00+05:30,275.4,275.4,274.25,274.35,36082
2017-01-03 13:18:00+05:30,274.5,275.3,274.4,275.2,5165
2017-01-03 13:19:00+05:30,275.2,275.4,274.85,275.05,12186
2017-01-03 13:20:00+05:30,275,275.3,274.8,275.25,12772
2017-01-03 13:21:00+05:30,275.25,275.3,275,275.05,1815
2017-01-03 13:22:00+05:30,275.05,275.65,275.05,275.4,3917
2017-01-03 13:23:00+05:30,275.4,275.4,275.2,275.3,5430
2017-01-03 13:24:00+05:30,275.3,275.5,275.25,275.3,11947
2017-01-03 13:25:00+05:30,275.3,275.35,275.2,275.3,8455
2017-01-03 13:26:00+05:30,275.35,275.5,275.3,275.5,1171
2017-01-03 13:27:00+05:30,275.5,275.5,275.3,275.3,1396
2017-01-03 13:28:00+05:30,275.3,275.7,275.3,275.65,1498
2017-01-03 13:29:00+05:30,275.65,275.65,275.5,275.5,142
2017-01-03 13:30:00+05:30,275.55,275.55,275.3,275.3,13092
2017-01-03 13:31:00+05:30,275.3,275.5,275.3,275.4,3050
2017-01-03 13:32:00+05:30,275.4,275.4,275.2,275.2,4771
2017-01-03 13:33:00+05:30,275.2,275.25,275.2,275.25,11173
2017-01-03 13:34:00+05:30,275.25,275.3,275.15,275.15,3203
2017-01-03 13:35:00+05:30,275.15,275.15,275.15,275.15,600
2017-01-03 13:36:00+05:30,275.15,275.2,274.95,275,15621
2017-01-03 13:37:00+05:30,275,275.2,274.9,275,3939
2017-01-03 13:38:00+05:30,275,275.15,275,275.15,908
2017-01-03 13:39:00+05:30,275.15,275.25,275.1,275.25,741
2017-01-03 13:40:00+05:30,275.25,275.3,275.15,275.3,1007
2017-01-03 13:41:00+05:30,275.3,275.35,275.3,275.35,7903
2017-01-03 13:42:00+05:30,275.35,275.4,275.3,275.35,1361
2017-01-03 13:43:00+05:30,275.35,275.35,274.25,274.3,11179
2017-01-03 13:44:00+05:30,274.45,274.45,273.75,274.45,25031
2017-01-03 13:45:00+05:30,274.45,274.45,273.9,274.1,10331
2017-01-03 13:46:00+05:30,274.1,274.55,274.1,274.55,4311
2017-01-03 13:47:00+05:30,274.35,274.7,274.35,274.7,10020
2017-01-03 13:48:00+05:30,274.6,274.7,274.5,274.5,532
2017-01-03 13:49:00+05:30,274.5,274.6,274.5,274.55,185
2017-01-03 13:50:00+05:30,274.55,274.65,274.5,274.65,589
2017-01-03 13:51:00+05:30,274.65,274.85,274.65,274.8,2857
2017-01-03 13:52:00+05:30,274.85,274.9,274.65,274.8,10654
2017-01-03 13:53:00+05:30,274.6,274.9,274.6,274.9,587
2017-01-03 13:54:00+05:30,274.9,274.9,274.6,274.7,1557
2017-01-03 13:55:00+05:30,274.8,274.8,274.55,274.55,3053
2017-01-03 13:56:00+05:30,274.55,274.6,274.55,274.6,1720
2017-01-03 13:57:00+05:30,274.6,274.65,274.55,274.6,2092
2017-01-03 13:58:00+05:30,274.6,274.6,274.45,274.45,1451
2017-01-03 13:59:00+05:30,274.45,274.65,274,274.3,7423
2017-01-03 14:00:00+05:30,274.25,274.45,274.1,274.45,8824
2017-01-03 14:01:00+05:30,274.65,274.9,274.5,274.8,4652
2017-01-03 14:02:00+05:30,274.9,275.05,274.8,274.8,7594
2017-01-03 14:03:00+05:30,274.7,274.7,274.35,274.6,5949
2017-01-03 14:04:00+05:30,274.6,274.8,274.6,274.65,786
2017-01-03 14:05:00+05:30,274.65,274.75,274.65,274.7,800
2017-01-03 14:06:00+05:30,274.65,274.7,274.65,274.65,666
2017-01-03 14:07:00+05:30,274.65,274.7,274.25,274.45,3333
2017-01-03 14:08:00+05:30,274.5,274.5,274.4,274.45,810
2017-01-03 14:09:00+05:30,274.45,274.45,274.05,274.05,1063
2017-01-03 14:10:00+05:30,274.05,274.35,274,274,1276
2017-01-03 14:11:00+05:30,274,274.3,274,274.15,1535
2017-01-03 14:12:00+05:30,274.15,274.15,273.5,273.5,12251
2017-01-03 14:13:00+05:30,273.6,273.6,272.2,272.2,17268
2017-01-03 14:14:00+05:30,272.25,273.35,272.2,272.8,4440
2017-01-03 14:15:00+05:30,272.95,273.05,272.65,272.75,14352
2017-01-03 14:16:00+05:30,272.7,273.3,272.7,273.25,3152
2017-01-03 14:17:00+05:30,273.1,273.55,273.1,273.4,2377
2017-01-03 14:18:00+05:30,273.4,273.75,273.4,273.4,2847
2017-01-03 14:19:00+05:30,273.45,273.7,273.4,273.7,1234
2017-01-03 14:20:00+05:30,273.75,273.75,273.65,273.7,982
2017-01-03 14:21:00+05:30,273.7,273.9,273.25,273.25,16199
2017-01-03 14:22:00+05:30,273.4,273.45,273.4,273.4,752
2017-01-03 14:23:00+05:30,273.55,273.6,273.4,273.45,2153
2017-01-03 14:24:00+05:30,273.45,273.55,273.4,273.55,2404
2017-01-03 14:25:00+05:30,273.6,273.6,273.3,273.3,1258
2017-01-03 14:26:00+05:30,273.4,273.75,273.4,273.75,1962
2017-01-03 14:27:00+05:30,273.75,273.8,273.65,273.8,1843
2017-01-03 14:28:00+05:30,273.8,274.3,273.8,274.3,8358
2017-01-03 14:29:00+05:30,274.3,274.7,274.2,274.2,12106
2017-01-03 14:30:00+05:30,274.2,274.2,274.15,274.2,9507
2017-01-03 14:31:00+05:30,274.2,274.65,274.2,274.55,2671
2017-01-03 14:32:00+05:30,274.6,274.75,274.55,274.7,2634
2017-01-03 14:33:00+05:30,274.75,274.85,274.65,274.8,1971
2017-01-03 14:34:00+05:30,274.8,274.8,274.65,274.7,3517
2017-01-03 14:35:00+05:30,274.65,274.7,274.5,274.65,5606
2017-01-03 14:36:00+05:30,274.65,274.7,274.55,274.7,2605
2017-01-03 14:37:00+05:30,274.7,274.75,274.55,274.55,3841
2017-01-03 14:38:00+05:30,274.55,274.65,274,274,4289
2017-01-03 14:39:00+05:30,274.25,274.25,274.1,274.25,5120
2017-01-03 14:40:00+05:30,274.4,274.45,274.2,274.45,2052
2017-01-03 14:41:00+05:30,274.45,274.45,274.3,274.4,1584
2017-01-03 14:42:00+05:30,274.45,274.5,274.45,274.5,3362
2017-01-03 14:43:00+05:30,274.5,274.6,274.5,274.6,1826
2017-01-03 14:44:00+05:30,274.6,274.7,274.6,274.7,1647
2017-01-03 14:45:00+05:30,274.75,274.9,274.7,274.8,3066
2017-01-03 14:46:00+05:30,274.8,274.95,274,274.4,25637
2017-01-03 14:47:00+05:30,274.4,274.95,274.15,274.95,5435
2017-01-03 14:48:00+05:30,274.95,274.95,274.1,274.4,6927
2017-01-03 14:49:00+05:30,274.4,274.8,274.4,274.8,1685
2017-01-03 14:50:00+05:30,274.8,274.9,274.65,274.7,12049
2017-01-03 14:51:00+05:30,274.7,274.75,274.5,274.6,1503
2017-01-03 14:52:00+05:30,274.6,274.6,274.4,274.4,2143
2017-01-03 14:53:00+05:30,274.45,274.45,274.1,274.1,3401
2017-01-03 14:54:00+05:30,274.25,274.25,274,274,2465
2017-01-03 14:55:00+05:30,274.05,274.05,273.8,273.8,1974
2017-01-03 14:56:00+05:30,273.9,274.05,273.8,274,2594
2017-01-03 14:57:00+05:30,274,274.2,273.9,273.9,3968
2017-01-03 14:58:00+05:30,273.9,274.15,273.9,274.15,1442
2017-01-03 14:59:00+05:30,274.15,274.3,274.15,274.3,3439
2017-01-03 15:00:00+05:30,274.3,274.3,273.6,273.6,4101
2017-01-03 15:01:00+05:30,273.6,273.8,273.25,273.4,11847
2017-01-03 15:02:00+05:30,273.4,273.55,273,273.15,38841
2017-01-03 15:03:00+05:30,273.05,273.35,273,273.1,10353
2017-01-03 15:04:00+05:30,273.1,273.25,273,273,7595
2017-01-03 15:05:00+05:30,273.05,273.3,273.05,273.25,8576
2017-01-03 15:06:00+05:30,273.25,273.25,273.2,273.2,14667
2017-01-03 15:07:00+05:30,273.2,273.6,273.2,273.6,14092
2017-01-03 15:08:00+05:30,273.6,273.7,273.6,273.7,5512
2017-01-03 15:09:00+05:30,273.7,274.2,273.7,274.2,14994
2017-01-03 15:10:00+05:30,274.2,274.5,274.2,274.4,7081
2017-01-03 15:11:00+05:30,274.35,274.5,274.2,274.3,14397
2017-01-03 15:12:00+05:30,274.3,274.5,274.25,274.35,4263
2017-01-03 15:13:00+05:30,274.5,274.6,274.25,274.6,12903
2017-01-03 15:14:00+05:30,274.5,275,274.15,274.15,27953
2017-01-03 15:15:00+05:30,274.3,274.3,273.75,274,9020
2017-01-03 15:16:00+05:30,274.1,274.5,274.1,274.5,14106
2017-01-03 15:17:00+05:30,274.5,274.55,274.35,274.55,4109
2017-01-03 15:18:00+05:30,274.55,274.75,274.45,274.7,9830
2017-01-03 15:19:00+05:30,274.7,274.7,274.35,274.7,6721
2017-01-03 15:20:00+05:30,274.7,274.7,274.05,274.05,9511
2017-01-03 15:21:00+05:30,274.2,274.6,274.2,274.3,9950
2017-01-03 15:22:00+05:30,274.15,274.25,274,274,8834
2017-01-03 15:23:00+05:30,274,274.4,274,274.2,6596
2017-01-03 15:24:00+05:30,274.35,274.5,274.2,274.25,5460
2017-01-03 15:25:00+05:30,274.1,274.5,274.05,274.25,10667
2017-01-03 15:26:00+05:30,274.25,274.4,274.25,274.4,5871
2017-01-03 15:27:00+05:30,274.3,274.3,274.15,274.2,3678
2017-01-03 15:28:00+05:30,274.2,274.45,273.5,274,7114
2017-01-03 15:29:00+05:30,273.6,274.2,273.6,274,7391
2017-01-04 09:15:00+05:30,274,275.15,273.05,275.15,15689
2017-01-04 09:16:00+05:30,275.4,275.95,275.25,275.55,15120
2017-01-04 09:17:00+05:30,275.45,275.8,275.45,275.75,8251
2017-01-04 09:18:00+05:30,275.55,276,275.55,275.9,5054
2017-01-04 09:19:00+05:30,275.9,276.3,275.8,276.15,7038
2017-01-04 09:20:00+05:30,276.2,276.2,275.6,275.95,10044
2017-01-04 09:21:00+05:30,276.1,276.85,276.1,276.25,25815
2017-01-04 09:22:00+05:30,276.2,276.4,275.35,275.95,46050
2017-01-04 09:23:00+05:30,276.05,276.65,275.95,276.5,10488
2017-01-04 09:24:00+05:30,276.65,276.65,275.7,275.9,10797
2017-01-04 09:25:00+05:30,275.9,276.5,275.9,276.5,3608
2017-01-04 09:26:00+05:30,276.55,276.8,276.3,276.7,10431
2017-01-04 09:27:00+05:30,276.75,276.75,276.4,276.4,4053
2017-01-04 09:28:00+05:30,276.4,276.7,276.3,276.3,3006
2017-01-04 09:29:00+05:30,276.35,276.35,276.1,276.15,2301
2017-01-04 09:30:00+05:30,276.2,276.45,276.2,276.45,9313
2017-01-04 09:31:00+05:30,276.45,276.45,276.3,276.4,5086
2017-01-04 09:32:00+05:30,276.4,276.45,276.35,276.35,1329
2017-01-04 09:33:00+05:30,276.35,276.45,276.1,276.1,5343
2017-01-04 09:34:00+05:30,275.95,275.95,275.6,275.85,6396
2017-01-04 09:35:00+05:30,275.8,275.95,275.05,275.05,5783
2017-01-04 09:36:00+05:30,275.25,275.5,275.15,275.5,4354
2017-01-04 09:37:00+05:30,275.5,275.85,275.5,275.8,1842
2017-01-04 09:38:00+05:30,275.85,275.85,275.25,275.25,4358
2017-01-04 09:39:00+05:30,275.25,275.5,275.05,275.5,3463
2017-01-04 09:40:00+05:30,275.5,275.5,274.3,274.3,12474
2017-01-04 09:41:00+05:30,274.25,274.3,273.75,274.2,7230
2017-01-04 09:42:00+05:30,274.2,274.85,273.85,274.85,6461
2017-01-04 09:43:00+05:30,274.85,274.85,274.5,274.8,1697
2017-01-04 09:44:00+05:30,274.85,274.9,274.7,274.9,7045
2017-01-04 09:45:00+05:30,275,275,274.55,274.65,20092
2017-01-04 09:46:00+05:30,274.25,274.5,274.25,274.45,9359
2017-01-04 09:47:00+05:30,274.45,274.55,274.3,274.55,3103
2017-01-04 09:48:00+05:30,274.55,274.8,274.35,274.8,5259
2017-01-04 09:49:00+05:30,274.9,275.1,274.9,275,2330
2017-01-04 09:50:00+05:30,275.05,275.5,275.05,275.4,12111
2017-01-04 09:51:00+05:30,275.5,275.95,275.5,275.8,7762
2017-01-04 09:52:00+05:30,275.75,275.9,275.4,275.9,1406
2017-01-04 09:53:00+05:30,275.65,275.75,275.45,275.45,2291
2017-01-04 09:54:00+05:30,275.5,275.55,275.3,275.45,3642
2017-01-04 09:55:00+05:30,275.55,275.55,275.25,275.4,905
2017-01-04 09:56:00+05:30,275.45,275.45,275.3,275.35,2091
2017-01-04 09:57:00+05:30,275.5,275.8,275.35,275.8,2006
2017-01-04 09:58:00+05:30,275.8,275.85,275.3,275.7,2215
2017-01-04 09:59:00+05:30,275.65,275.8,275.4,275.7,2998
2017-01-04 10:00:00+05:30,275.75,276.1,275.7,275.8,3222
2017-01-04 10:01:00+05:30,276,276.35,275.55,275.65,7455
2017-01-04 10:02:00+05:30,275.8,276.1,275.55,276.1,1776
2017-01-04 10:03:00+05:30,276.25,276.55,276.1,276.4,21362
2017-01-04 10:04:00+05:30,276.4,276.55,276.3,276.5,7135
2017-01-04 10:05:00+05:30,276.5,276.5,275.8,275.8,1458
2017-01-04 10:06:00+05:30,275.95,275.95,275.45,275.55,2200
2017-01-04 10:07:00+05:30,275.55,275.75,274.95,275.3,5105
2017-01-04 10:08:00+05:30,275.3,275.4,275.15,275.3,872
2017-01-04 10:09:00+05:30,275.3,275.4,275,275,3726
2017-01-04 10:10:00+05:30,275.15,275.35,275.1,275.25,971
2017-01-04 10:11:00+05:30,275.25,275.45,275.2,275.35,1616
2017-01-04 10:12:00+05:30,275.45,275.6,275.35,275.6,1039
2017-01-04 10:13:00+05:30,275.65,275.65,275.35,275.65,1409
2017-01-04 10:14:00+05:30,275.65,275.8,275.6,275.75,955
2017-01-04 10:15:00+05:30,275.75,275.75,275.55,275.55,305
2017-01-04 10:16:00+05:30,275.65,275.7,275.55,275.7,817
2017-01-04 10:17:00+05:30,275.7,275.75,275.55,275.65,789
2017-01-04 10:18:00+05:30,275.75,275.75,275.1,275.2,4011
2017-01-04 10:19:00+05:30,275.2,275.4,275.1,275.4,464
2017-01-04 10:20:00+05:30,275.5,275.5,275.1,275.1,100
2017-01-04 10:21:00+05:30,275.25,275.25,275,275,977
2017-01-04 10:22:00+05:30,275.2,275.35,275.1,275.15,170
2017-01-04 10:23:00+05:30,275.35,275.35,275.15,275.35,834
2017-01-04 10:24:00+05:30,275.3,275.3,275.1,275.1,3694
2017-01-04 10:25:00+05:30,275.35,275.35,274.9,275.1,6050
2017-01-04 10:26:00+05:30,275.1,275.2,275.1,275.2,3283
2017-01-04 10:27:00+05:30,275.2,275.2,275.05,275.2,582
2017-01-04 10:28:00+05:30,275.2,275.2,275,275.2,911
2017-01-04 10:29:00+05:30,275.2,275.2,275.05,275.2,3779
2017-01-04 10:30:00+05:30,275.2,275.2,275.05,275.1,557
2017-01-04 10:31:00+05:30,275.1,275.1,274.9,275,1950
2017-01-04 10:32:00+05:30,275,275.15,274.9,275,10433
2017-01-04 10:33:00+05:30,274.95,275,274.9,275,3204
2017-01-04 10:34:00+05:30,275,275,274.9,275,1678
2017-01-04 10:35:00+05:30,275,275,274.9,274.95,819
2017-01-04 10:36:00+05:30,275,275,274.9,274.95,3473
2017-01-04 10:37:00+05:30,274.95,274.95,274.9,274.95,1856
2017-01-04 10:38:00+05:30,274.95,274.95,274.35,274.7,12692
2017-01-04 10:39:00+05:30,274.75,274.75,274.5,274.65,1122
2017-01-04 10:40:00+05:30,274.65,274.65,273.8,274.25,7152
2017-01-04 10:41:00+05:30,274.15,274.4,274,274.4,2913
2017-01-04 10:42:00+05:30,274.35,274.4,274.1,274.35,2023
2017-01-04 10:43:00+05:30,274.35,274.35,274.25,274.3,3977
2017-01-04 10:44:00+05:30,274.3,274.3,274.1,274.3,2061
2017-01-04 10:45:00+05:30,274.25,274.3,274.1,274.3,2731
2017-01-04 10:46:00+05:30,274.3,274.3,274.05,274.2,1605
2017-01-04 10:47:00+05:30,274.15,274.3,274,274.25,2784
2017-01-04 10:48:00+05:30,274.3,274.3,274.25,274.3,650
2017-01-04 10:49:00+05:30,274.3,274.3,274.25,274.3,3042
2017-01-04 10:50:00+05:30,274.3,274.4,274.25,274.35,4681
2017-01-04 10:51:00+05:30,274.4,274.5,274.2,274.5,12582
2017-01-04 10:52:00+05:30,274.5,274.5,274.4,274.5,880
2017-01-04 10:53:00+05:30,274.5,274.5,274.35,274.35,809
2017-01-04 10:54:00+05:30,274.35,274.5,274.3,274.5,2206
2017-01-04 10:55:00+05:30,274.5,274.5,274.3,274.45,70
2017-01-04 10:56:00+05:30,274.45,274.45,274,274,7055
2017-01-04 10:57:00+05:30,274,274.2,272.45,272.85,72539
2017-01-04 10:58:00+05:30,272.95,273.4,272.85,273.35,11975
2017-01-04 10:59:00+05:30,273.35,273.7,273.35,273.35,5590
2017-01-04 11:00:00+05:30,273.35,273.55,273.35,273.55,5565
2017-01-04 11:01:00+05:30,273.55,273.95,273.4,273.75,12400
2017-01-04 11:02:00+05:30,273.85,274,273.65,274,7648
2017-01-04 11:03:00+05:30,274,274.2,273.9,274,10740
2017-01-04 11:04:00+05:30,274.1,274.15,273.95,273.95,7594
2017-01-04 11:05:00+05:30,273.95,274.1,273.95,274.1,4971
2017-01-04 11:06:00+05:30,274.1,274.1,273.95,274,651
2017-01-04 11:07:00+05:30,274.1,274.1,274,274.1,940
2017-01-04 11:08:00+05:30,274.1,274.15,273.95,273.95,13143
2017-01-04 11:09:00+05:30,274.15,274.2,274,274.2,2245
2017-01-04 11:10:00+05:30,274.2,274.2,274.2,274.2,102
2017-01-04 11:11:00+05:30,274.2,274.2,274.1,274.1,3589
2017-01-04 11:12:00+05:30,274.2,274.3,274.15,274.25,1994
2017-01-04 11:13:00+05:30,274.3,274.3,274.15,274.2,2018
2017-01-04 11:14:00+05:30,274.2,274.2,274,274.15,11402
2017-01-04 11:15:00+05:30,274.15,274.2,274.1,274.2,573
2017-01-04 11:16:00+05:30,274.2,274.45,274.2,274.25,18353
2017-01-04 11:17:00+05:30,274.45,274.6,274.35,274.35,3891
2017-01-04 11:18:00+05:30,274.35,274.6,274.3,274.4,165
2017-01-04 11:19:00+05:30,274.6,274.6,274.5,274.5,1147
2017-01-04 11:20:00+05:30,274.6,274.6,274.4,274.4,5760
2017-01-04 11:21:00+05:30,274.45,274.55,274.45,274.5,1453
2017-01-04 11:22:00+05:30,274.5,274.6,274.45,274.45,8850
2017-01-04 11:23:00+05:30,274.55,274.55,274.5,274.55,426
2017-01-04 11:24:00+05:30,274.55,274.55,274.5,274.5,698
2017-01-04 11:25:00+05:30,274.55,274.6,274.5,274.6,842
2017-01-04 11:26:00+05:30,274.6,274.6,274.5,274.5,1079
2017-01-04 11:27:00+05:30,274.6,274.6,274.55,274.6,6194
2017-01-04 11:28:00+05:30,274.6,274.65,274.55,274.65,1699
2017-01-04 11:29:00+05:30,274.65,274.75,274.5,274.7,10246
2017-01-04 11:30:00+05:30,274.7,274.7,274.65,274.65,221
2017-01-04 11:31:00+05:30,274.65,274.65,274.5,274.6,502
2017-01-04 11:32:00+05:30,274.6,274.7,274.55,274.7,1674
2017-01-04 11:33:00+05:30,274.7,274.7,274.55,274.6,8449
2017-01-04 11:34:00+05:30,274.6,274.75,274.55,274.75,7792
2017-01-04 11:35:00+05:30,274.75,274.75,274.7,274.75,10405
2017-01-04 11:36:00+05:30,274.75,274.8,274.6,274.7,12395
2017-01-04 11:37:00+05:30,274.8,274.8,274.75,274.8,5201
2017-01-04 11:38:00+05:30,274.8,274.9,274.75,274.85,9619
2017-01-04 11:39:00+05:30,274.85,275,274.8,274.95,9429
2017-01-04 11:40:00+05:30,275,275,274.65,274.75,11004
2017-01-04 11:41:00+05:30,274.75,274.75,274.7,274.7,18621
2017-01-04 11:42:00+05:30,274.7,274.8,274.65,274.8,7917
2017-01-04 11:43:00+05:30,274.8,274.8,274.75,274.8,6631
2017-01-04 11:44:00+05:30,274.8,274.9,274.75,274.85,5965
2017-01-04 11:45:00+05:30,274.8,274.9,274.75,274.85,9438
2017-01-04 11:46:00+05:30,274.9,274.9,274.7,274.7,6265
2017-01-04 11:47:00+05:30,274.8,274.85,274.55,274.75,18113
2017-01-04 11:48:00+05:30,274.85,274.85,274.65,274.75,1531
2017-01-04 11:49:00+05:30,274.75,274.75,274.65,274.75,12039
2017-01-04 11:50:00+05:30,274.75,274.75,274.7,274.75,9130
2017-01-04 11:51:00+05:30,274.75,274.75,274.7,274.75,5368
2017-01-04 11:52:00+05:30,274.75,274.75,274.65,274.65,13142
2017-01-04 11:53:00+05:30,274.7,274.7,274.65,274.65,3665
2017-01-04 11:54:00+05:30,274.7,274.75,274.65,274.75,3550
2017-01-04 11:55:00+05:30,274.8,274.85,274.65,274.85,1002
2017-01-04 11:56:00+05:30,274.85,274.95,274.7,274.9,2535
2017-01-04 11:57:00+05:30,274.8,275,274.8,274.95,18227
2017-01-04 11:58:00+05:30,275,275,274.95,275,10667
2017-01-04 11:59:00+05:30,275,275,274.9,274.9,6374
2017-01-04 12:00:00+05:30,274.95,275,274.9,274.9,1403
2017-01-04 12:01:00+05:30,274.95,275,274.9,275,2319
2017-01-04 12:02:00+05:30,275,275,274.9,274.95,2986
2017-01-04 12:03:00+05:30,275,275,274.8,274.8,14631
2017-01-04 12:04:00+05:30,274.85,275,274.8,274.95,4751
2017-01-04 12:05:00+05:30,275,275.1,274.85,274.95,17287
2017-01-04 12:06:00+05:30,275,275,274.8,274.9,9351
2017-01-04 12:07:00+05:30,274.9,274.9,274.9,274.9,74
2017-01-04 12:08:00+05:30,274.9,274.9,274.85,274.85,3036
2017-01-04 12:09:00+05:30,274.9,274.9,274.9,274.9,794
2017-01-04 12:10:00+05:30,274.9,274.9,274.9,274.9,156
2017-01-04 12:11:00+05:30,274.9,274.9,274.3,274.3,23809
2017-01-04 12:12:00+05:30,274.45,274.5,274.3,274.3,11712
2017-01-04 12:13:00+05:30,274.3,274.5,274.3,274.5,14461
2017-01-04 12:14:00+05:30,274.5,274.5,274.3,274.5,2015
2017-01-04 12:15:00+05:30,274.5,274.5,274.25,274.25,5052
2017-01-04 12:16:00+05:30,274.25,274.5,274.25,274.5,11299
2017-01-04 12:17:00+05:30,274.5,274.6,274.4,274.55,932
2017-01-04 12:18:00+05:30,274.55,274.75,274.45,274.5,26628
2017-01-04 12:19:00+05:30,274.5,274.5,274.45,274.5,3441
2017-01-04 12:20:00+05:30,274.45,274.5,274.25,274.25,10517
2017-01-04 12:21:00+05:30,274.25,274.4,274.2,274.2,3626
2017-01-04 12:22:00+05:30,274.25,274.4,274.2,274.4,7478
2017-01-04 12:23:00+05:30,274.4,274.45,274.3,274.45,11092
2017-01-04 12:24:00+05:30,274.5,274.5,274.35,274.4,2687
2017-01-04 12:25:00+05:30,274.4,274.45,274.35,274.45,8986
2017-01-04 12:26:00+05:30,274.45,274.5,274.35,274.5,4357
2017-01-04 12:27:00+05:30,274.5,274.5,274.35,274.35,5911
2017-01-04 12:28:00+05:30,274.35,274.5,274.35,274.45,396
2017-01-04 12:29:00+05:30,274.45,274.5,274.4,274.5,3570
2017-01-04 12:30:00+05:30,274.5,274.7,274.45,274.7,1369
2017-01-04 12:31:00+05:30,274.75,274.75,274.4,274.55,1309
2017-01-04 12:32:00+05:30,274.65,274.65,274.45,274.5,1781
2017-01-04 12:33:00+05:30,274.5,274.5,274.5,274.5,583
2017-01-04 12:34:00+05:30,274.5,274.5,274.45,274.5,5715
2017-01-04 12:35:00+05:30,274.5,274.65,274.5,274.5,4492
2017-01-04 12:36:00+05:30,274.5,274.5,274.45,274.5,672
2017-01-04 12:37:00+05:30,274.5,274.5,274.45,274.5,1257
2017-01-04 12:38:00+05:30,274.5,274.5,274.45,274.5,6158
2017-01-04 12:39:00+05:30,274.5,274.5,274.5,274.5,215
2017-01-04 12:40:00+05:30,274.5,274.65,274.5,274.65,701
2017-01-04 12:41:00+05:30,274.65,274.7,274.5,274.65,1126
2017-01-04 12:42:00+05:30,274.65,274.7,274.5,274.5,1435
2017-01-04 12:43:00+05:30,274.65,274.65,274.45,274.5,2419
2017-01-04 12:44:00+05:30,274.5,274.5,274.4,274.5,12896
2017-01-04 12:45:00+05:30,274.5,274.5,274.45,274.5,1250
2017-01-04 12:46:00+05:30,274.5,274.5,274.4,274.5,2574
2017-01-04 12:47:00+05:30,274.5,274.5,274.4,274.5,10529
2017-01-04 12:48:00+05:30,274.5,274.5,274.35,274.4,3491
2017-01-04 12:49:00+05:30,274.4,274.4,274.35,274.35,2481
2017-01-04 12:50:00+05:30,274.35,274.4,274.35,274.4,1551
2017-01-04 12:51:00+05:30,274.4,274.5,274.35,274.5,6260
2017-01-04 12:52:00+05:30,274.5,274.7,274.4,274.5,2379
2017-01-04 12:53:00+05:30,274.5,274.75,274.5,274.5,2806
2017-01-04 12:54:00+05:30,274.7,274.7,274.5,274.7,194
2017-01-04 12:55:00+05:30,274.7,274.75,274.7,274.7,396
2017-01-04 12:56:00+05:30,274.75,274.75,274.55,274.75,8890
2017-01-04 12:57:00+05:30,274.75,274.75,274.65,274.75,568
2017-01-04 12:58:00+05:30,274.75,274.75,274.65,274.65,5753
2017-01-04 12:59:00+05:30,274.7,274.7,274.65,274.65,1519
2017-01-04 13:00:00+05:30,274.7,274.7,274.65,274.65,4215
2017-01-04 13:01:00+05:30,274.7,274.75,274.65,274.65,6709
2017-01-04 13:02:00+05:30,274.65,274.7,274.6,274.7,2687
2017-01-04 13:03:00+05:30,274.75,274.95,274.7,274.75,8167
2017-01-04 13:04:00+05:30,274.95,275,274.7,274.75,16357
2017-01-04 13:05:00+05:30,274.75,275,274.7,274.7,7853
2017-01-04 13:06:00+05:30,274.75,274.75,274.7,274.7,3586
2017-01-04 13:07:00+05:30,274.75,274.75,274.7,274.75,8716
2017-01-04 13:08:00+05:30,274.75,274.75,274.65,274.7,5286
2017-01-04 13:09:00+05:30,274.7,274.7,274.7,274.7,893
2017-01-04 13:10:00+05:30,274.7,274.7,274.65,274.65,6549
2017-01-04 13:11:00+05:30,274.7,274.75,274.65,274.75,4155
2017-01-04 13:12:00+05:30,274.75,274.75,274.65,274.7,3833
2017-01-04 13:13:00+05:30,274.7,275,274.7,274.9,10754
2017-01-04 13:14:00+05:30,274.9,274.9,274.6,274.8,10645
2017-01-04 13:15:00+05:30,274.75,274.75,274.6,274.7,3573
2017-01-04 13:16:00+05:30,274.7,274.7,274.5,274.5,8420
2017-01-04 13:17:00+05:30,274.55,274.6,274.55,274.6,457
2017-01-04 13:18:00+05:30,274.6,274.6,274.55,274.6,670
2017-01-04 13:19:00+05:30,274.6,274.6,274.55,274.55,1545
2017-01-04 13:20:00+05:30,274.6,274.75,274.55,274.65,9865
2017-01-04 13:21:00+05:30,274.75,274.75,274.7,274.75,6698
2017-01-04 13:22:00+05:30,274.7,274.75,274.7,274.75,5091
2017-01-04 13:23:00+05:30,274.75,274.75,274.65,274.65,11802
2017-01-04 13:24:00+05:30,274.75,274.75,274.7,274.7,10180
2017-01-04 13:25:00+05:30,274.75,275,274.75,274.9,7962
2017-01-04 13:26:00+05:30,274.9,274.95,274.75,274.9,1002
2017-01-04 13:27:00+05:30,274.9,274.9,274.8,274.9,1309
2017-01-04 13:28:00+05:30,274.9,274.9,274.8,274.9,753
2017-01-04 13:29:00+05:30,274.9,274.9,274.8,274.9,3345
2017-01-04 13:30:00+05:30,274.9,275,274.85,275,12209
2017-01-04 13:31:00+05:30,275,275,274.8,274.95,11163
2017-01-04 13:32:00+05:30,275,275,274.85,274.9,6144
2017-01-04 13:33:00+05:30,274.9,274.9,274.85,274.9,5872
2017-01-04 13:34:00+05:30,274.9,275,274.8,274.9,20259
2017-01-04 13:35:00+05:30,274.9,274.9,274.8,274.85,5055
2017-01-04 13:36:00+05:30,274.85,274.9,274.8,274.85,12853
2017-01-04 13:37:00+05:30,274.85,275,274.85,275,18626
2017-01-04 13:38:00+05:30,275,275,274.85,274.9,11745
2017-01-04 13:39:00+05:30,274.9,275,274.85,274.95,9805
2017-01-04 13:40:00+05:30,275,275,274.9,275,3576
2017-01-04 13:41:00+05:30,275,275,274.9,275,6679
2017-01-04 13:42:00+05:30,275,275,274.95,275,1572
2017-01-04 13:43:00+05:30,275,275.2,274.95,275.2,3564
2017-01-04 13:44:00+05:30,275.2,275.25,275,275.2,9045
2017-01-04 13:45:00+05:30,275.2,275.25,275.05,275.2,6056
2017-01-04 13:46:00+05:30,275.2,275.25,275,275.25,4003
2017-01-04 13:47:00+05:30,275.25,275.25,275,275.15,4857
2017-01-04 13:48:00+05:30,275.15,275.25,275.05,275.2,1079
2017-01-04 13:49:00+05:30,275.2,275.25,275.05,275.2,1145
2017-01-04 13:50:00+05:30,275.2,275.25,275.1,275.25,1892
2017-01-04 13:51:00+05:30,275.25,275.25,275.2,275.25,1079
2017-01-04 13:52:00+05:30,275.25,275.25,275.05,275.1,1369
2017-01-04 13:53:00+05:30,275.1,275.1,274.9,275,14811
2017-01-04 13:54:00+05:30,275,275,274.65,274.85,12875
2017-01-04 13:55:00+05:30,274.95,275.1,274.95,275.1,2164
2017-01-04 13:56:00+05:30,275.1,275.25,275.1,275.15,988
2017-01-04 13:57:00+05:30,275.15,275.2,275.1,275.2,1270
2017-01-04 13:58:00+05:30,275.2,275.25,275.05,275.2,4155
2017-01-04 13:59:00+05:30,275.2,275.2,275,275.15,657
2017-01-04 14:00:00+05:30,275.2,275.2,274.75,275,6864
2017-01-04 14:01:00+05:30,275,275,274.7,274.75,2574
2017-01-04 14:02:00+05:30,274.85,274.95,274.75,274.85,2262
2017-01-04 14:03:00+05:30,274.85,274.95,274.75,274.8,882
2017-01-04 14:04:00+05:30,274.8,274.95,274.7,274.95,1250
2017-01-04 14:05:00+05:30,274.95,275,274.65,275,6114
2017-01-04 14:06:00+05:30,275,275.1,274.95,275.1,4946
2017-01-04 14:07:00+05:30,275.1,275.1,275,275.1,1551
2017-01-04 14:08:00+05:30,275.1,275.25,275.05,275.2,28639
2017-01-04 14:09:00+05:30,275.2,275.2,275.05,275.15,2053
2017-01-04 14:10:00+05:30,275.15,275.25,275.05,275.25,1380
2017-01-04 14:11:00+05:30,275.25,275.25,275.2,275.25,2261
2017-01-04 14:12:00+05:30,275.25,275.3,275.15,275.3,10540
2017-01-04 14:13:00+05:30,275.3,275.3,275.2,275.25,13137
2017-01-04 14:14:00+05:30,275.25,275.4,275.2,275.4,2535
2017-01-04 14:15:00+05:30,275.4,275.5,275.3,275.5,18558
2017-01-04 14:16:00+05:30,275.4,275.5,275.4,275.5,7933
2017-01-04 14:17:00+05:30,275.5,275.5,275.45,275.5,1451
2017-01-04 14:18:00+05:30,275.5,275.5,275.4,275.5,10533
2017-01-04 14:19:00+05:30,275.45,275.5,275.35,275.4,13121
2017-01-04 14:20:00+05:30,275.4,275.4,275.25,275.4,9790
2017-01-04 14:21:00+05:30,275.4,275.4,275.3,275.4,2846
2017-01-04 14:22:00+05:30,275.4,275.4,275.3,275.4,6121
2017-01-04 14:23:00+05:30,275.4,275.4,275.35,275.4,1022
2017-01-04 14:24:00+05:30,275.4,275.4,275.35,275.4,1922
2017-01-04 14:25:00+05:30,275.4,275.4,275.2,275.25,14735
2017-01-04 14:26:00+05:30,275.2,275.4,275.2,275.35,8700
2017-01-04 14:27:00+05:30,275.4,275.4,275.2,275.25,9165
2017-01-04 14:28:00+05:30,275.25,275.25,275.2,275.25,1400
2017-01-04 14:29:00+05:30,275.25,275.4,275.2,275.4,5832
2017-01-04 14:30:00+05:30,275.35,275.5,275.35,275.5,10733
2017-01-04 14:31:00+05:30,275.5,275.5,275.35,275.4,11760
2017-01-04 14:32:00+05:30,275.4,275.65,275.4,275.6,4945
2017-01-04 14:33:00+05:30,275.65,275.65,275.55,275.55,1291
2017-01-04 14:34:00+05:30,275.55,275.6,275.5,275.6,754
2017-01-04 14:35:00+05:30,275.6,275.6,275.5,275.5,4629
2017-01-04 14:36:00+05:30,275.55,275.6,275.45,275.5,8758
2017-01-04 14:37:00+05:30,275.5,275.5,275.3,275.3,45842
2017-01-04 14:38:00+05:30,275.4,275.4,275.15,275.15,28924
2017-01-04 14:39:00+05:30,275.2,275.4,275.2,275.4,12294
2017-01-04 14:40:00+05:30,275.4,275.4,275.3,275.35,10798
2017-01-04 14:41:00+05:30,275.45,275.6,275.25,275.55,15726
2017-01-04 14:42:00+05:30,275.55,275.65,275.45,275.45,20986
2017-01-04 14:43:00+05:30,275.5,275.5,275.45,275.5,7452
2017-01-04 14:44:00+05:30,275.5,275.5,275.45,275.5,21788
2017-01-04 14:45:00+05:30,275.5,275.65,275.4,275.55,27165
2017-01-04 14:46:00+05:30,275.6,275.7,275.4,275.5,20574
2017-01-04 14:47:00+05:30,275.5,275.5,275.25,275.25,27517
2017-01-04 14:48:00+05:30,275.35,275.35,275.05,275.15,13284
2017-01-04 14:49:00+05:30,275.15,275.35,275.1,275.25,7420
2017-01-04 14:50:00+05:30,275.25,275.25,275.1,275.25,15425
2017-01-04 14:51:00+05:30,275.25,275.25,275.1,275.25,7432
2017-01-04 14:52:00+05:30,275.2,275.25,275.05,275.2,9255
2017-01-04 14:53:00+05:30,275.25,275.3,275.05,275.3,4748
2017-01-04 14:54:00+05:30,275.3,275.4,275.25,275.3,15514
2017-01-04 14:55:00+05:30,275.3,275.4,275.15,275.2,19628
2017-01-04 14:56:00+05:30,275.2,275.5,275.15,275.4,8696
2017-01-04 14:57:00+05:30,275.45,275.5,275.35,275.5,14193
2017-01-04 14:58:00+05:30,275.5,275.5,275.35,275.5,23060
2017-01-04 14:59:00+05:30,275.5,275.5,275.35,275.4,3135
2017-01-04 15:00:00+05:30,275.4,275.65,275.4,275.6,19856
2017-01-04 15:01:00+05:30,275.7,275.7,275.5,275.6,6784
2017-01-04 15:02:00+05:30,275.6,275.7,275.45,275.45,21062
2017-01-04 15:03:00+05:30,275.5,275.5,275.35,275.35,14022
2017-01-04 15:04:00+05:30,275.35,275.5,275.2,275.35,24682
2017-01-04 15:05:00+05:30,275.5,275.5,275.15,275.15,10283
2017-01-04 15:06:00+05:30,275.2,275.25,275.05,275.1,11366
2017-01-04 15:07:00+05:30,275.25,275.25,275.1,275.25,15357
2017-01-04 15:08:00+05:30,275.2,275.25,274.9,274.9,17729
2017-01-04 15:09:00+05:30,274.9,275,274.6,274.85,26888
2017-01-04 15:10:00+05:30,274.8,275,274.6,274.8,11834
2017-01-04 15:11:00+05:30,275,275,274.8,275,12344
2017-01-04 15:12:00+05:30,275.05,275.25,275,275.25,14216
2017-01-04 15:13:00+05:30,275.25,275.25,275.15,275.15,16242
2017-01-04 15:14:00+05:30,275.25,275.25,275.15,275.15,14300
2017-01-04 15:15:00+05:30,275.2,275.2,274.7,275.2,19727
2017-01-04 15:16:00+05:30,274.9,275.25,274.75,275.05,21324
2017-01-04 15:17:00+05:30,275.25,275.25,275.1,275.15,10419
2017-01-04 15:18:00+05:30,275.25,275.25,275,275.05,10705
2017-01-04 15:19:00+05:30,275.2,275.2,274.9,274.95,9811
2017-01-04 15:20:00+05:30,275.1,275.1,274.65,274.65,11485
2017-01-04 15:21:00+05:30,274.65,274.65,274,274,15838
2017-01-04 15:22:00+05:30,274.15,274.2,273.8,273.85,15416
2017-01-04 15:23:00+05:30,273.95,274,273.8,274,21910
2017-01-04 15:24:00+05:30,274,274.1,273.85,274.1,15467
2017-01-04 15:25:00+05:30,274.1,274.8,274.1,274.65,15176
2017-01-04 15:26:00+05:30,274.7,274.8,274.5,274.5,13660
2017-01-04 15:27:00+05:30,274.15,274.35,273.9,274.2,7810
2017-01-04 15:28:00+05:30,274.4,274.7,274.1,274.7,6975
2017-01-04 15:29:00+05:30,274.7,275.5,274.5,275.25,13147
2017-01-05 09:15:00+05:30,276.3,276.75,275.55,276.5,14520
2017-01-05 09:16:00+05:30,276.5,276.95,276.5,276.6,10936
2017-01-05 09:17:00+05:30,276.6,276.8,275.75,275.8,11074
2017-01-05 09:18:00+05:30,275.8,276.25,275.6,276.05,6165
2017-01-05 09:19:00+05:30,276.05,276.5,275.6,276.5,6003
2017-01-05 09:20:00+05:30,276.5,276.5,276.3,276.5,12269
2017-01-05 09:21:00+05:30,276.5,276.6,276.4,276.6,7437
2017-01-05 09:22:00+05:30,276.6,276.7,276.6,276.65,4586
2017-01-05 09:23:00+05:30,276.65,276.65,276.1,276.1,5290
2017-01-05 09:24:00+05:30,276.05,276.45,276.05,276.2,6787
2017-01-05 09:25:00+05:30,276.2,276.25,276.1,276.2,8267
2017-01-05 09:26:00+05:30,276.1,276.3,275.5,275.8,10228
2017-01-05 09:27:00+05:30,275.8,276.1,275.7,275.75,2092
